seq_len,sa_time,sa_size
100000,0.006608009338378906,400128
250000,0.01685500144958496,1000128
500000,0.03158402442932129,2000128
1000000,0.06444907188415527,4000128
2000000,0.1293020248413086,8000128
